timestamp,close_t,close_v,t_diff,v_diff
2019-01-02,29.54,56.02,0.0,0.0
2019-01-03,29.58,56.22,0.03999999999999915,0.19999999999999574
2019-01-04,30.34,56.36,0.7600000000000016,0.14000000000000057
2019-01-05,30.34,56.36,0.0,0.0
2019-01-06,30.34,56.36,0.0,0.0
2019-01-07,30.89,56.72,0.5500000000000007,0.35999999999999943
2019-01-08,31.28,58.38,0.39000000000000057,1.6600000000000037
2019-01-09,30.1,57.05,-1.1799999999999997,-1.3300000000000054
2019-01-10,30.4,57.6,0.29999999999999716,0.5500000000000043
2019-01-11,30.87,58.02,0.4700000000000024,0.4200000000000017
2019-01-12,30.87,58.02,0.0,0.0
2019-01-13,30.87,58.02,0.0,0.0
2019-01-14,30.62,58.03,-0.25,0.00999999999999801
2019-01-15,30.6,58.1,-0.019999999999999574,0.07000000000000028
2019-01-16,30.56,57.08,-0.0400000000000027,-1.0200000000000031
2019-01-17,30.64,56.83,0.08000000000000185,-0.25
2019-01-18,30.96,57.09,0.3200000000000003,0.2600000000000051
2019-01-19,30.96,57.09,0.0,0.0
2019-01-20,30.96,57.09,0.0,0.0
2019-01-21,30.96,57.09,0.0,0.0
2019-01-22,30.58,56.99,-0.38000000000000256,-0.10000000000000142
2019-01-23,30.89,57.76,0.3100000000000023,0.769999999999996
2019-01-24,30.6,57.07,-0.28999999999999915,-0.6899999999999977
2019-01-25,30.66,56.4,0.05999999999999872,-0.6700000000000017
2019-01-26,30.66,56.4,0.0,0.0
2019-01-27,30.66,56.4,0.0,0.0
2019-01-28,30.67,55.07,0.010000000000001563,-1.3299999999999983
2019-01-29,30.7,53.28,0.029999999999997584,-1.7899999999999991
2019-01-30,29.37,54.0,-1.3299999999999983,0.7199999999999989
2019-01-31,30.06,55.06,0.6899999999999977,1.0600000000000023
2019-02-01,30.0,54.55,-0.05999999999999872,-0.5100000000000051
2019-02-02,30.0,54.55,0.0,0.0
2019-02-03,30.0,54.55,0.0,0.0
2019-02-04,29.61,54.04,-0.39000000000000057,-0.509999999999998
2019-02-05,29.63,54.14,0.019999999999999574,0.10000000000000142
2019-02-06,29.56,53.79,-0.07000000000000028,-0.3500000000000014
2019-02-07,29.45,53.57,-0.10999999999999943,-0.21999999999999886
2019-02-08,29.55,53.95,0.10000000000000142,0.38000000000000256
2019-02-09,29.55,53.95,0.0,0.0
2019-02-10,29.55,53.95,0.0,0.0
2019-02-11,29.71,54.05,0.16000000000000014,0.09999999999999432
2019-02-12,29.81,54.42,0.09999999999999787,0.37000000000000455
2019-02-13,29.84,54.48,0.030000000000001137,0.05999999999999517
2019-02-14,29.79,54.03,-0.05000000000000071,-0.44999999999999574
2019-02-15,30.47,55.16,0.6799999999999997,1.1299999999999955
2019-02-16,30.47,55.16,0.0,0.0
2019-02-17,30.47,55.16,0.0,0.0
2019-02-18,30.47,55.16,0.0,0.0
2019-02-19,30.63,55.44,0.16000000000000014,0.28000000000000114
2019-02-20,30.85,55.76,0.22000000000000242,0.3200000000000003
2019-02-21,30.83,56.15,-0.020000000000003126,0.39000000000000057
2019-02-22,31.15,56.92,0.3200000000000003,0.7700000000000031
2019-02-23,31.15,56.92,0.0,0.0
2019-02-24,31.15,56.92,0.0,0.0
2019-02-25,31.13,56.78,-0.019999999999999574,-0.14000000000000057
2019-02-26,31.22,56.64,0.08999999999999986,-0.14000000000000057
2019-02-27,31.06,56.72,-0.16000000000000014,0.0799999999999983
2019-02-28,31.12,56.92,0.060000000000002274,0.20000000000000284
2019-03-01,30.82,56.96,-0.3000000000000007,0.03999999999999915
2019-03-02,30.82,56.96,0.0,0.0
2019-03-03,30.82,56.96,0.0,0.0
2019-03-04,29.98,56.24,-0.8399999999999999,-0.7199999999999989
2019-03-05,29.95,56.08,-0.030000000000001137,-0.1600000000000037
2019-03-06,29.81,55.68,-0.14000000000000057,-0.3999999999999986
2019-03-07,29.92,56.3,0.11000000000000298,0.6199999999999974
2019-03-08,29.96,56.53,0.03999999999999915,0.23000000000000398
2019-03-09,29.96,56.53,0.0,0.0
2019-03-10,29.96,56.53,0.0,0.0
2019-03-11,30.22,57.58,0.259999999999998,1.0499999999999972
2019-03-12,30.63,57.43,0.41000000000000014,-0.14999999999999858
2019-03-13,30.28,57.66,-0.34999999999999787,0.22999999999999687
2019-03-14,30.28,57.95,0.0,0.29000000000000625
2019-03-15,30.67,58.39,0.39000000000000057,0.4399999999999977
2019-03-16,30.67,58.39,0.0,0.0
2019-03-17,30.67,58.39,0.0,0.0
2019-03-18,30.8,58.07,0.129999999999999,-0.3200000000000003
2019-03-19,30.68,57.5,-0.120000000000001,-0.5700000000000003
2019-03-20,30.51,57.67,-0.16999999999999815,0.1700000000000017
2019-03-21,31.06,58.29,0.5499999999999972,0.6199999999999974
2019-03-22,31.07,59.76,0.010000000000001563,1.4699999999999989
2019-03-23,31.07,59.76,0.0,0.0
2019-03-24,31.07,59.76,0.0,0.0
2019-03-25,30.77,60.08,-0.3000000000000007,0.3200000000000003
2019-03-26,31.39,60.63,0.620000000000001,0.5500000000000043
2019-03-27,31.4,60.88,0.00999999999999801,0.25
2019-03-28,31.01,59.08,-0.389999999999997,-1.8000000000000043
2019-03-29,31.36,59.13,0.34999999999999787,0.05000000000000426
2019-03-30,31.36,59.13,0.0,0.0
2019-03-31,31.36,59.13,0.0,0.0
2019-04-01,31.95,59.09,0.5899999999999999,-0.03999999999999915
2019-04-02,31.63,58.53,-0.3200000000000003,-0.5600000000000023
2019-04-03,31.87,58.87,0.240000000000002,0.3399999999999963
2019-04-04,31.98,58.99,0.10999999999999943,0.12000000000000455
2019-04-05,32.35,59.09,0.370000000000001,0.10000000000000142
2019-04-06,32.35,59.09,0.0,0.0
2019-04-07,32.35,59.09,0.0,0.0
2019-04-08,32.39,59.13,0.03999999999999915,0.03999999999999915
2019-04-09,31.75,58.4,-0.6400000000000006,-0.730000000000004
2019-04-10,31.88,58.61,0.129999999999999,0.21000000000000085
2019-04-11,32.2,58.56,0.32000000000000384,-0.04999999999999716
2019-04-12,32.2,58.74,0.0,0.17999999999999972
2019-04-13,32.2,58.74,0.0,0.0
2019-04-14,32.2,58.74,0.0,0.0
2019-04-15,32.02,58.71,-0.17999999999999972,-0.030000000000001137
2019-04-16,32.25,58.79,0.22999999999999687,0.0799999999999983
2019-04-17,31.95,57.78,-0.3000000000000007,-1.009999999999998
2019-04-18,32.03,58.04,0.08000000000000185,0.259999999999998
2019-04-19,32.03,58.04,0.0,0.0
2019-04-20,32.03,58.04,0.0,0.0
2019-04-21,32.03,58.04,0.0,0.0
2019-04-22,32.08,58.37,0.04999999999999716,0.3299999999999983
2019-04-23,32.1,57.15,0.020000000000003126,-1.2199999999999989
2019-04-24,30.79,57.08,-1.3100000000000023,-0.07000000000000028
2019-04-25,30.34,55.85,-0.4499999999999993,-1.2299999999999969
2019-04-26,30.68,56.58,0.33999999999999986,0.7299999999999969
2019-04-27,30.68,56.58,0.0,0.0
2019-04-28,30.68,56.58,0.0,0.0
2019-04-29,30.88,56.84,0.1999999999999993,0.2600000000000051
2019-04-30,30.96,57.19,0.08000000000000185,0.3499999999999943
2019-05-01,30.79,56.52,-0.1700000000000017,-0.6699999999999946
2019-05-02,30.62,56.99,-0.16999999999999815,0.46999999999999886
2019-05-03,30.7,57.24,0.0799999999999983,0.25
2019-05-04,30.7,57.24,0.0,0.0
2019-05-05,30.7,57.24,0.0,0.0
2019-05-06,30.59,56.91,-0.10999999999999943,-0.3300000000000054
2019-05-07,30.53,56.63,-0.05999999999999872,-0.27999999999999403
2019-05-08,30.3,56.38,-0.23000000000000043,-0.25
2019-05-09,30.38,56.48,0.0799999999999983,0.09999999999999432
2019-05-10,30.62,56.91,0.240000000000002,0.4299999999999997
2019-05-11,30.62,56.91,0.0,0.0
2019-05-12,30.62,56.91,0.0,0.0
2019-05-13,30.47,56.75,-0.15000000000000213,-0.1599999999999966
2019-05-14,31.09,56.55,0.620000000000001,-0.20000000000000284
2019-05-15,31.25,56.81,0.16000000000000014,0.2600000000000051
2019-05-16,31.62,57.38,0.370000000000001,0.5700000000000003
2019-05-17,31.8,58.09,0.17999999999999972,0.7100000000000009
2019-05-18,31.8,58.09,0.0,0.0
2019-05-19,31.8,58.09,0.0,0.0
2019-05-20,32.19,59.01,0.389999999999997,0.9199999999999946
2019-05-21,32.41,59.5,0.21999999999999886,0.490000000000002
2019-05-22,32.28,59.25,-0.12999999999999545,-0.25
2019-05-23,32.14,58.87,-0.14000000000000057,-0.38000000000000256
2019-05-24,32.27,59.32,0.13000000000000256,0.45000000000000284
2019-05-25,32.27,59.32,0.0,0.0
2019-05-26,32.27,59.32,0.0,0.0
2019-05-27,32.27,59.32,0.0,0.0
2019-05-28,31.93,58.73,-0.3400000000000034,-0.5900000000000034
2019-05-29,31.91,58.18,-0.019999999999999574,-0.5499999999999972
2019-05-30,31.86,56.83,-0.05000000000000071,-1.3500000000000014
2019-05-31,30.58,54.35,-1.2800000000000011,-2.479999999999997
2019-06-01,30.58,54.35,0.0,0.0
2019-06-02,30.58,54.35,0.0,0.0
2019-06-03,31.09,56.38,0.5100000000000016,2.030000000000001
2019-06-04,31.48,56.22,0.39000000000000057,-0.1600000000000037
2019-06-05,31.68,57.03,0.1999999999999993,0.8100000000000023
2019-06-06,32.1,57.54,0.4200000000000017,0.509999999999998
2019-06-07,32.49,57.24,0.39000000000000057,-0.29999999999999716
2019-06-08,32.49,57.24,0.0,0.0
2019-06-09,32.49,57.24,0.0,0.0
2019-06-10,31.93,56.15,-0.5600000000000023,-1.0900000000000034
2019-06-11,32.11,56.83,0.17999999999999972,0.6799999999999997
2019-06-12,32.18,57.36,0.07000000000000028,0.5300000000000011
2019-06-13,32.29,57.62,0.10999999999999943,0.259999999999998
2019-06-14,32.35,58.28,0.060000000000002274,0.6600000000000037
2019-06-15,32.35,58.28,0.0,0.0
2019-06-16,32.35,58.28,0.0,0.0
2019-06-17,32.3,57.63,-0.05000000000000426,-0.6499999999999986
2019-06-18,32.44,57.33,0.14000000000000057,-0.30000000000000426
2019-06-19,32.41,57.63,-0.030000000000001137,0.30000000000000426
2019-06-20,32.54,57.34,0.13000000000000256,-0.28999999999999915
2019-06-21,32.45,57.77,-0.0899999999999963,0.4299999999999997
2019-06-22,32.45,57.77,0.0,0.0
2019-06-23,32.45,57.77,0.0,0.0
2019-06-24,32.58,58.27,0.12999999999999545,0.5
2019-06-25,32.55,58.0,-0.030000000000001137,-0.2700000000000031
2019-06-26,32.53,56.99,-0.01999999999999602,-1.009999999999998
2019-06-27,32.98,57.25,0.44999999999999574,0.259999999999998
2019-06-28,33.51,57.13,0.5300000000000011,-0.11999999999999744
2019-06-29,33.51,57.13,0.0,0.0
2019-06-30,33.51,57.13,0.0,0.0
2019-07-01,33.43,56.66,-0.0799999999999983,-0.47000000000000597
2019-07-02,33.84,58.13,0.4100000000000037,1.470000000000006
2019-07-03,33.98,58.13,0.13999999999999346,0.0
2019-07-04,33.98,58.13,0.0,0.0
2019-07-05,34.3,58.31,0.3200000000000003,0.17999999999999972
2019-07-06,34.3,58.31,0.0,0.0
2019-07-07,34.3,58.31,0.0,0.0
2019-07-08,34.25,57.89,-0.04999999999999716,-0.4200000000000017
2019-07-09,33.54,56.41,-0.7100000000000009,-1.480000000000004
2019-07-10,33.76,57.0,0.21999999999999886,0.5900000000000034
2019-07-11,33.46,56.92,-0.29999999999999716,-0.0799999999999983
2019-07-12,33.65,57.19,0.18999999999999773,0.269999999999996
2019-07-13,33.65,57.19,0.0,0.0
2019-07-14,33.65,57.19,0.0,0.0
2019-07-15,33.71,57.58,0.060000000000002274,0.39000000000000057
2019-07-16,33.58,57.41,-0.13000000000000256,-0.1700000000000017
2019-07-17,33.26,57.22,-0.3200000000000003,-0.18999999999999773
2019-07-18,33.09,57.21,-0.1699999999999946,-0.00999999999999801
2019-07-19,32.79,56.59,-0.30000000000000426,-0.6199999999999974
2019-07-20,32.79,56.59,0.0,0.0
2019-07-21,32.79,56.59,0.0,0.0
2019-07-22,32.13,55.5,-0.6599999999999966,-1.0900000000000034
2019-07-23,32.09,55.48,-0.03999999999999915,-0.020000000000003126
2019-07-24,33.24,55.97,1.1499999999999986,0.490000000000002
2019-07-25,33.81,56.36,0.5700000000000003,0.39000000000000057
2019-07-26,34.15,57.08,0.3399999999999963,0.7199999999999989
2019-07-27,34.15,57.08,0.0,0.0
2019-07-28,34.15,57.08,0.0,0.0
2019-07-29,34.34,57.37,0.19000000000000483,0.28999999999999915
2019-07-30,34.18,56.63,-0.1600000000000037,-0.7399999999999949
2019-07-31,34.05,55.27,-0.13000000000000256,-1.3599999999999994
2019-08-01,34.12,55.26,0.07000000000000028,-0.010000000000005116
2019-08-02,34.17,55.59,0.05000000000000426,0.3300000000000054
2019-08-03,34.17,55.59,0.0,0.0
2019-08-04,34.17,55.59,0.0,0.0
2019-08-05,33.49,55.22,-0.6799999999999997,-0.37000000000000455
2019-08-06,33.96,55.05,0.46999999999999886,-0.1700000000000017
2019-08-07,34.06,55.09,0.10000000000000142,0.04000000000000625
2019-08-08,34.54,55.82,0.4799999999999969,0.7299999999999969
2019-08-09,34.54,55.78,0.0,-0.03999999999999915
2019-08-10,34.54,55.78,0.0,0.0
2019-08-11,34.54,55.78,0.0,0.0
2019-08-12,34.48,55.69,-0.060000000000002274,-0.09000000000000341
2019-08-13,34.86,56.37,0.38000000000000256,0.6799999999999997
2019-08-14,34.09,55.72,-0.769999999999996,-0.6499999999999986
2019-08-15,34.34,56.3,0.25,0.5799999999999983
2019-08-16,34.97,56.65,0.6299999999999955,0.3500000000000014
2019-08-17,34.97,56.65,0.0,0.0
2019-08-18,34.97,56.65,0.0,0.0
2019-08-19,35.38,57.0,0.4100000000000037,0.3500000000000014
2019-08-20,34.98,56.27,-0.4000000000000057,-0.7299999999999969
2019-08-21,35.16,56.59,0.17999999999999972,0.3200000000000003
2019-08-22,35.39,56.78,0.23000000000000398,0.18999999999999773
2019-08-23,34.82,55.92,-0.5700000000000003,-0.8599999999999994
2019-08-24,34.82,55.92,0.0,0.0
2019-08-25,34.82,55.92,0.0,0.0
2019-08-26,34.93,56.71,0.10999999999999943,0.7899999999999991
2019-08-27,34.72,57.18,-0.21000000000000085,0.46999999999999886
2019-08-28,34.96,57.95,0.240000000000002,0.7700000000000031
2019-08-29,35.15,57.94,0.18999999999999773,-0.010000000000005116
2019-08-30,35.26,58.16,0.10999999999999943,0.21999999999999886
2019-08-31,35.26,58.16,0.0,0.0
2019-09-01,35.26,58.16,0.0,0.0
2019-09-02,35.26,58.16,0.0,0.0
2019-09-03,35.38,58.04,0.12000000000000455,-0.11999999999999744
2019-09-04,35.72,58.18,0.3399999999999963,0.14000000000000057
2019-09-05,35.89,58.59,0.1700000000000017,0.4100000000000037
2019-09-06,36.25,59.06,0.35999999999999943,0.46999999999999886
2019-09-07,36.25,59.06,0.0,0.0
2019-09-08,36.25,59.06,0.0,0.0
2019-09-09,36.79,58.66,0.5399999999999991,-0.4000000000000057
2019-09-10,37.58,59.71,0.7899999999999991,1.0500000000000043
2019-09-11,38.74,60.13,1.1600000000000037,0.4200000000000017
2019-09-12,38.38,60.43,-0.35999999999999943,0.29999999999999716
2019-09-13,37.91,59.96,-0.47000000000000597,-0.46999999999999886
2019-09-14,37.91,59.96,0.0,0.0
2019-09-15,37.91,59.96,0.0,0.0
2019-09-16,37.31,59.5,-0.5999999999999943,-0.46000000000000085
2019-09-17,37.16,59.87,-0.15000000000000568,0.36999999999999744
2019-09-18,36.76,59.93,-0.3999999999999986,0.060000000000002274
2019-09-19,37.15,59.98,0.39000000000000057,0.04999999999999716
2019-09-20,37.91,60.29,0.759999999999998,0.3100000000000023
2019-09-21,37.91,60.29,0.0,0.0
2019-09-22,37.91,60.29,0.0,0.0
2019-09-23,37.6,60.21,-0.30999999999999517,-0.0799999999999983
2019-09-24,37.38,60.51,-0.21999999999999886,0.29999999999999716
2019-09-25,37.38,60.27,0.0,-0.23999999999999488
2019-09-26,37.38,60.44,0.0,0.1699999999999946
2019-09-27,37.43,60.3,0.04999999999999716,-0.14000000000000057
2019-09-28,37.43,60.3,0.0,0.0
2019-09-29,37.43,60.3,0.0,0.0
2019-09-30,37.84,60.36,0.4100000000000037,0.060000000000002274
2019-10-01,37.41,59.85,-0.4300000000000068,-0.509999999999998
2019-10-02,37.08,58.91,-0.3299999999999983,-0.9400000000000048
2019-10-03,37.19,59.01,0.10999999999999943,0.10000000000000142
2019-10-04,37.51,59.9,0.3200000000000003,0.8900000000000006
2019-10-05,37.51,59.9,0.0,0.0
2019-10-06,37.51,59.9,0.0,0.0
2019-10-07,37.66,60.25,0.14999999999999858,0.3500000000000014
2019-10-08,37.48,59.72,-0.17999999999999972,-0.5300000000000011
2019-10-09,37.05,59.22,-0.4299999999999997,-0.5
2019-10-10,37.42,59.83,0.37000000000000455,0.6099999999999994
2019-10-11,37.58,59.93,0.1599999999999966,0.10000000000000142
2019-10-12,37.58,59.93,0.0,0.0
2019-10-13,37.58,59.93,0.0,0.0
2019-10-14,37.47,59.6,-0.10999999999999943,-0.3299999999999983
2019-10-15,37.9,60.55,0.4299999999999997,0.9499999999999957
2019-10-16,37.79,60.29,-0.10999999999999943,-0.259999999999998
2019-10-17,37.81,60.41,0.020000000000003126,0.11999999999999744
2019-10-18,38.47,61.05,0.6599999999999966,0.6400000000000006
2019-10-19,38.47,61.05,0.0,0.0
2019-10-20,38.47,61.05,0.0,0.0
2019-10-21,38.23,60.75,-0.240000000000002,-0.29999999999999716
2019-10-22,38.17,60.77,-0.05999999999999517,0.020000000000003126
2019-10-23,37.74,60.88,-0.4299999999999997,0.10999999999999943
2019-10-24,36.82,60.58,-0.9200000000000017,-0.30000000000000426
2019-10-25,36.91,60.37,0.0899999999999963,-0.21000000000000085
2019-10-26,36.91,60.37,0.0,0.0
2019-10-27,36.91,60.37,0.0,0.0
2019-10-28,38.49,60.18,1.5800000000000054,-0.18999999999999773
2019-10-29,38.06,60.19,-0.4299999999999997,0.00999999999999801
2019-10-30,38.2,60.82,0.14000000000000057,0.6300000000000026
2019-10-31,38.49,60.47,0.28999999999999915,-0.3500000000000014
2019-11-01,38.95,60.37,0.46000000000000085,-0.10000000000000142
2019-11-02,38.95,60.37,0.0,0.0
2019-11-03,38.95,60.37,0.0,0.0
2019-11-04,38.89,59.87,-0.060000000000002274,-0.5
2019-11-05,39.17,59.5,0.28000000000000114,-0.36999999999999744
2019-11-06,39.25,60.13,0.0799999999999983,0.6300000000000026
2019-11-07,39.42,60.53,0.1700000000000017,0.3999999999999986
2019-11-08,39.38,59.35,-0.03999999999999915,-1.1799999999999997
2019-11-09,39.38,59.35,0.0,0.0
2019-11-10,39.38,59.35,0.0,0.0
2019-11-11,39.37,59.61,-0.010000000000005116,0.259999999999998
2019-11-12,39.17,59.32,-0.19999999999999574,-0.28999999999999915
2019-11-13,39.16,59.41,-0.010000000000005116,0.0899999999999963
2019-11-14,38.95,59.34,-0.20999999999999375,-0.06999999999999318
2019-11-15,39.5,59.51,0.5499999999999972,0.1699999999999946
2019-11-16,39.5,59.51,0.0,0.0
2019-11-17,39.5,59.51,0.0,0.0
2019-11-18,39.63,59.44,0.13000000000000256,-0.07000000000000028
2019-11-19,38.0,59.5,-1.6300000000000026,0.060000000000002274
2019-11-20,37.18,59.48,-0.8200000000000003,-0.020000000000003126
2019-11-21,37.6,59.61,0.4200000000000017,0.13000000000000256
2019-11-22,37.75,59.75,0.14999999999999858,0.14000000000000057
2019-11-23,37.75,59.75,0.0,0.0
2019-11-24,37.75,59.75,0.0,0.0
2019-11-25,37.26,59.38,-0.490000000000002,-0.36999999999999744
2019-11-26,37.4,59.89,0.14000000000000057,0.509999999999998
2019-11-27,37.66,60.1,0.259999999999998,0.21000000000000085
2019-11-28,37.66,60.1,0.0,0.0
2019-11-29,37.38,60.24,-0.27999999999999403,0.14000000000000057
2019-11-30,37.38,60.24,0.0,0.0
2019-12-01,37.38,60.24,0.0,0.0
2019-12-02,37.32,59.96,-0.060000000000002274,-0.28000000000000114
2019-12-03,37.55,60.14,0.22999999999999687,0.17999999999999972
2019-12-04,38.1,60.53,0.5500000000000043,0.39000000000000057
2019-12-05,38.19,60.82,0.0899999999999963,0.28999999999999915
2019-12-06,38.2,61.19,0.010000000000005116,0.36999999999999744
2019-12-07,38.2,61.19,0.0,0.0
2019-12-08,38.2,61.19,0.0,0.0
2019-12-09,38.04,61.01,-0.1600000000000037,-0.17999999999999972
2019-12-10,38.06,61.23,0.020000000000003126,0.21999999999999886
2019-12-11,38.17,61.08,0.10999999999999943,-0.14999999999999858
2019-12-12,38.35,61.17,0.17999999999999972,0.09000000000000341
2019-12-13,38.26,60.81,-0.09000000000000341,-0.35999999999999943
2019-12-14,38.26,60.81,0.0,0.0
2019-12-15,38.26,60.81,0.0,0.0
2019-12-16,38.59,61.23,0.3300000000000054,0.4199999999999946
2019-12-17,38.5,61.49,-0.09000000000000341,0.2600000000000051
2019-12-18,38.74,60.86,0.240000000000002,-0.6300000000000026
2019-12-19,38.93,60.8,0.18999999999999773,-0.060000000000002274
2019-12-20,39.15,62.07,0.21999999999999886,1.2700000000000031
2019-12-21,39.15,62.07,0.0,0.0
2019-12-22,39.15,62.07,0.0,0.0
2019-12-23,39.07,61.4,-0.0799999999999983,-0.6700000000000017
2019-12-24,38.96,61.28,-0.10999999999999943,-0.11999999999999744
2019-12-25,38.96,61.28,0.0,0.0
2019-12-26,39.16,61.29,0.19999999999999574,0.00999999999999801
2019-12-27,39.24,61.53,0.0800000000000054,0.240000000000002
2019-12-28,39.24,61.53,0.0,0.0
2019-12-29,39.24,61.53,0.0,0.0
2019-12-30,39.04,61.21,-0.20000000000000284,-0.3200000000000003
2019-12-31,39.08,61.4,0.03999999999999915,0.18999999999999773
2020-01-01,39.08,61.4,0.0,0.0
2020-01-02,38.86,61.05,-0.21999999999999886,-0.3500000000000014
2020-01-03,39.06,60.4,0.20000000000000284,-0.6499999999999986
2020-01-04,39.06,60.4,0.0,0.0
2020-01-05,39.06,60.4,0.0,0.0
2020-01-06,39.1,60.27,0.03999999999999915,-0.12999999999999545
2020-01-07,39.25,59.6,0.14999999999999858,-0.6700000000000017
2020-01-08,39.37,59.71,0.11999999999999744,0.10999999999999943
2020-01-09,38.8,58.85,-0.5700000000000003,-0.8599999999999994
2020-01-10,38.57,58.99,-0.22999999999999687,0.14000000000000057
2020-01-11,38.57,58.99,0.0,0.0
2020-01-12,38.57,58.99,0.0,0.0
2020-01-13,38.1,59.15,-0.46999999999999886,0.1599999999999966
2020-01-14,38.09,59.04,-0.00999999999999801,-0.10999999999999943
2020-01-15,37.87,59.1,-0.22000000000000597,0.060000000000002274
2020-01-16,38.03,59.67,0.1600000000000037,0.5700000000000003
2020-01-17,38.38,60.13,0.3500000000000014,0.46000000000000085
2020-01-18,38.38,60.13,0.0,0.0
2020-01-19,38.38,60.13,0.0,0.0
2020-01-20,38.38,60.13,0.0,0.0
2020-01-21,38.52,60.32,0.14000000000000057,0.18999999999999773
2020-01-22,39.04,60.48,0.519999999999996,0.1599999999999966
2020-01-23,38.63,60.51,-0.4099999999999966,0.030000000000001137
2020-01-24,38.5,60.28,-0.13000000000000256,-0.22999999999999687
2020-01-25,38.5,60.28,0.0,0.0
2020-01-26,38.5,60.28,0.0,0.0
2020-01-27,38.25,59.91,-0.25,-0.37000000000000455
2020-01-28,38.58,60.7,0.3299999999999983,0.7900000000000063
2020-01-29,37.05,59.53,-1.5300000000000011,-1.1700000000000017
2020-01-30,37.43,59.36,0.38000000000000256,-0.1700000000000017
2020-01-31,37.62,59.44,0.18999999999999773,0.0799999999999983
2020-02-01,37.62,59.44,0.0,0.0
2020-02-02,37.62,59.44,0.0,0.0
2020-02-03,36.96,58.05,-0.6599999999999966,-1.3900000000000006
2020-02-04,37.63,58.29,0.6700000000000017,0.240000000000002
2020-02-05,37.81,59.13,0.17999999999999972,0.8400000000000034
2020-02-06,38.44,59.44,0.6299999999999955,0.30999999999999517
2020-02-07,38.45,59.94,0.010000000000005116,0.5
2020-02-08,38.45,59.94,0.0,0.0
2020-02-09,38.45,59.94,0.0,0.0
2020-02-10,38.34,60.24,-0.10999999999999943,0.30000000000000426
2020-02-11,38.17,58.69,-0.1700000000000017,-1.5500000000000043
2020-02-12,38.04,58.23,-0.13000000000000256,-0.46000000000000085
2020-02-13,38.31,58.65,0.2700000000000031,0.4200000000000017
2020-02-14,38.25,58.51,-0.060000000000002274,-0.14000000000000057
2020-02-15,38.25,58.51,0.0,0.0
2020-02-16,38.25,58.51,0.0,0.0
2020-02-17,38.25,58.51,0.0,0.0
2020-02-18,38.26,57.91,0.00999999999999801,-0.6000000000000014
2020-02-19,38.44,58.22,0.17999999999999972,0.3100000000000023
2020-02-20,38.61,58.09,0.1700000000000017,-0.12999999999999545
2020-02-21,38.55,58.2,-0.060000000000002274,0.10999999999999943
2020-02-22,38.55,58.2,0.0,0.0
2020-02-23,38.55,58.2,0.0,0.0
2020-02-24,38.05,57.99,-0.5,-0.21000000000000085
2020-02-25,37.35,57.12,-0.6999999999999957,-0.8700000000000045
2020-02-26,37.1,57.14,-0.25,0.020000000000003126
2020-02-27,35.73,55.06,-1.3700000000000045,-2.0799999999999983
2020-02-28,35.22,54.16,-0.509999999999998,-0.9000000000000057
2020-02-29,35.22,54.16,0.0,0.0
2020-03-01,35.22,54.16,0.0,0.0
2020-03-02,37.18,57.32,1.9600000000000009,3.1600000000000037
2020-03-03,36.3,55.7,-0.8800000000000026,-1.6199999999999974
2020-03-04,38.18,58.12,1.8800000000000026,2.4199999999999946
2020-03-05,37.18,57.16,-1.0,-0.9600000000000009
2020-03-06,37.03,56.87,-0.14999999999999858,-0.28999999999999915
2020-03-07,37.03,56.87,0.0,0.0
2020-03-08,37.03,56.87,0.0,0.0
2020-03-09,34.69,55.83,-2.3400000000000034,-1.0399999999999991
2020-03-10,35.85,56.52,1.1600000000000037,0.6900000000000048
2020-03-11,34.52,54.83,-1.3299999999999983,-1.6900000000000048
2020-03-12,31.33,51.2,-3.190000000000005,-3.6299999999999955
2020-03-13,34.47,54.17,3.1400000000000006,2.969999999999999
2020-03-14,34.47,54.17,0.0,0.0
2020-03-15,34.47,54.17,0.0,0.0
2020-03-16,31.81,50.99,-2.66,-3.1799999999999997
2020-03-17,33.74,54.31,1.9300000000000033,3.3200000000000003
2020-03-18,32.85,54.32,-0.8900000000000006,0.00999999999999801
2020-03-19,31.15,53.62,-1.7000000000000028,-0.7000000000000028
2020-03-20,28.45,51.8,-2.6999999999999993,-1.8200000000000003
2020-03-21,28.45,51.8,0.0,0.0
2020-03-22,28.45,51.8,0.0,0.0
2020-03-23,26.77,50.31,-1.6799999999999997,-1.4899999999999949
2020-03-24,28.09,49.99,1.3200000000000003,-0.3200000000000003
2020-03-25,28.4,49.94,0.3099999999999987,-0.05000000000000426
2020-03-26,30.6,53.54,2.200000000000003,3.6000000000000014
2020-03-27,29.84,52.77,-0.7600000000000016,-0.769999999999996
2020-03-28,29.84,52.77,0.0,0.0
2020-03-29,29.84,52.77,0.0,0.0
2020-03-30,30.23,54.77,0.39000000000000057,2.0
2020-03-31,29.15,53.73,-1.0800000000000018,-1.0400000000000063
2020-04-01,28.05,52.92,-1.0999999999999979,-0.8099999999999952
2020-04-02,28.76,55.25,0.7100000000000009,2.3299999999999983
2020-04-03,27.46,54.7,-1.3000000000000007,-0.5499999999999972
2020-04-04,27.46,54.7,0.0,0.0
2020-04-05,27.46,54.7,0.0,0.0
2020-04-06,29.44,56.7,1.9800000000000004,2.0
2020-04-07,30.08,56.98,0.639999999999997,0.27999999999999403
2020-04-08,29.89,57.8,-0.18999999999999773,0.8200000000000003
2020-04-09,30.73,57.44,0.8399999999999999,-0.35999999999999943
2020-04-10,30.73,57.44,0.0,0.0
2020-04-11,30.73,57.44,0.0,0.0
2020-04-12,30.73,57.44,0.0,0.0
2020-04-13,30.19,56.67,-0.5399999999999991,-0.769999999999996
2020-04-14,31.13,58.14,0.9399999999999977,1.4699999999999989
2020-04-15,30.09,56.93,-1.0399999999999991,-1.2100000000000009
2020-04-16,30.16,57.66,0.07000000000000028,0.7299999999999969
2020-04-17,31.23,58.46,1.0700000000000003,0.8000000000000043
2020-04-18,31.23,58.46,0.0,0.0
2020-04-19,31.23,58.46,0.0,0.0
2020-04-20,30.98,58.13,-0.25,-0.3299999999999983
2020-04-21,29.87,56.82,-1.1099999999999994,-1.3100000000000023
2020-04-22,29.47,57.99,-0.40000000000000213,1.1700000000000017
2020-04-23,29.5,57.59,0.030000000000001137,-0.3999999999999986
2020-04-24,29.71,57.93,0.21000000000000085,0.3399999999999963
2020-04-25,29.71,57.93,0.0,0.0
2020-04-26,29.71,57.93,0.0,0.0
2020-04-27,30.54,57.81,0.8299999999999983,-0.11999999999999744
2020-04-28,30.65,57.83,0.10999999999999943,0.01999999999999602
2020-04-29,31.43,58.12,0.7800000000000011,0.28999999999999915
2020-04-30,30.47,57.45,-0.9600000000000009,-0.6699999999999946
2020-05-01,29.9,56.83,-0.5700000000000003,-0.6200000000000045
2020-05-02,29.9,56.83,0.0,0.0
2020-05-03,29.9,56.83,0.0,0.0
2020-05-04,29.6,56.24,-0.29999999999999716,-0.5899999999999963
2020-05-05,29.74,56.51,0.13999999999999702,0.269999999999996
2020-05-06,28.79,55.64,-0.9499999999999993,-0.8699999999999974
2020-05-07,28.89,55.58,0.10000000000000142,-0.060000000000002274
2020-05-08,29.79,57.0,0.8999999999999986,1.4200000000000017
2020-05-09,29.79,57.0,0.0,0.0
2020-05-10,29.79,57.0,0.0,0.0
2020-05-11,29.38,56.4,-0.41000000000000014,-0.6000000000000014
2020-05-12,28.89,55.46,-0.48999999999999844,-0.9399999999999977
2020-05-13,28.09,54.85,-0.8000000000000007,-0.6099999999999994
2020-05-14,28.58,54.91,0.48999999999999844,0.05999999999999517
2020-05-15,28.31,54.71,-0.2699999999999996,-0.19999999999999574
2020-05-16,28.31,54.71,0.0,0.0
2020-05-17,28.31,54.71,0.0,0.0
2020-05-18,29.45,55.72,1.1400000000000006,1.009999999999998
2020-05-19,28.96,54.38,-0.48999999999999844,-1.3399999999999963
2020-05-20,29.59,54.26,0.629999999999999,-0.12000000000000455
2020-05-21,29.77,53.97,0.17999999999999972,-0.28999999999999915
2020-05-22,29.88,54.1,0.10999999999999943,0.13000000000000256
2020-05-23,29.88,54.1,0.0,0.0
2020-05-24,29.88,54.1,0.0,0.0
2020-05-25,29.88,54.1,0.0,0.0
2020-05-26,30.82,54.3,0.9400000000000013,0.19999999999999574
2020-05-27,31.85,55.14,1.0300000000000011,0.8400000000000034
2020-05-28,31.06,55.72,-0.7900000000000027,0.5799999999999983
2020-05-29,30.86,57.38,-0.1999999999999993,1.6600000000000037
2020-05-30,30.86,57.38,0.0,0.0
2020-05-31,30.86,57.38,0.0,0.0
2020-06-01,30.93,55.78,0.07000000000000028,-1.6000000000000014
2020-06-02,30.99,56.4,0.05999999999999872,0.6199999999999974
2020-06-03,31.51,56.83,0.5200000000000031,0.4299999999999997
2020-06-04,31.8,57.22,0.28999999999999915,0.39000000000000057
2020-06-05,32.77,57.74,0.9700000000000024,0.5200000000000031
2020-06-06,32.77,57.74,0.0,0.0
2020-06-07,32.77,57.74,0.0,0.0
2020-06-08,33.23,58.09,0.45999999999999375,0.3500000000000014
2020-06-09,32.62,57.86,-0.6099999999999994,-0.23000000000000398
2020-06-10,32.14,58.05,-0.4799999999999969,0.18999999999999773
2020-06-11,30.17,56.45,-1.9699999999999989,-1.5999999999999943
2020-06-12,30.5,56.53,0.3299999999999983,0.0799999999999983
2020-06-13,30.5,56.53,0.0,0.0
2020-06-14,30.5,56.53,0.0,0.0
2020-06-15,30.5,56.15,0.0,-0.38000000000000256
2020-06-16,30.78,56.92,0.28000000000000114,0.7700000000000031
2020-06-17,30.26,56.65,-0.5199999999999996,-0.2700000000000031
2020-06-18,30.35,56.89,0.08999999999999986,0.240000000000002
2020-06-19,30.31,56.16,-0.0400000000000027,-0.730000000000004
2020-06-20,30.31,56.16,0.0,0.0
2020-06-21,30.31,56.16,0.0,0.0
2020-06-22,30.11,55.66,-0.1999999999999993,-0.5
2020-06-23,30.25,54.94,0.14000000000000057,-0.7199999999999989
2020-06-24,29.42,53.93,-0.8299999999999983,-1.009999999999998
2020-06-25,29.72,54.28,0.29999999999999716,0.3500000000000014
2020-06-26,29.08,53.16,-0.6400000000000006,-1.1200000000000045
2020-06-27,29.08,53.16,0.0,0.0
2020-06-28,29.08,53.16,0.0,0.0
2020-06-29,29.91,54.69,0.8300000000000018,1.5300000000000011
2020-06-30,30.23,55.13,0.3200000000000003,0.44000000000000483
2020-07-01,29.9,54.67,-0.33000000000000185,-0.46000000000000085
2020-07-02,30.08,54.79,0.17999999999999972,0.11999999999999744
2020-07-03,30.08,54.79,0.0,0.0
2020-07-04,30.08,54.79,0.0,0.0
2020-07-05,30.08,54.79,0.0,0.0
2020-07-06,30.49,55.24,0.41000000000000014,0.45000000000000284
2020-07-07,30.32,55.04,-0.16999999999999815,-0.20000000000000284
2020-07-08,30.46,55.38,0.14000000000000057,0.3400000000000034
2020-07-09,29.54,53.94,-0.9200000000000017,-1.4400000000000048
2020-07-10,30.13,54.49,0.5899999999999999,0.5500000000000043
2020-07-11,30.13,54.49,0.0,0.0
2020-07-12,30.13,54.49,0.0,0.0
2020-07-13,29.76,54.45,-0.36999999999999744,-0.03999999999999915
2020-07-14,29.96,55.44,0.1999999999999993,0.9899999999999949
2020-07-15,30.01,55.06,0.05000000000000071,-0.37999999999999545
2020-07-16,30.39,55.78,0.379999999999999,0.7199999999999989
2020-07-17,30.25,56.3,-0.14000000000000057,0.519999999999996
2020-07-18,30.25,56.3,0.0,0.0
2020-07-19,30.25,56.3,0.0,0.0
2020-07-20,29.85,55.87,-0.3999999999999986,-0.4299999999999997
2020-07-21,30.25,55.84,0.3999999999999986,-0.02999999999999403
2020-07-22,30.16,55.75,-0.08999999999999986,-0.09000000000000341
2020-07-23,29.9,55.85,-0.26000000000000156,0.10000000000000142
2020-07-24,29.57,56.85,-0.3299999999999983,1.0
2020-07-25,29.57,56.85,0.0,0.0
2020-07-26,29.57,56.85,0.0,0.0
2020-07-27,29.29,56.87,-0.28000000000000114,0.01999999999999602
2020-07-28,29.69,57.48,0.40000000000000213,0.6099999999999994
2020-07-29,29.56,57.45,-0.13000000000000256,-0.02999999999999403
2020-07-30,29.57,57.3,0.010000000000001563,-0.15000000000000568
2020-07-31,29.58,57.48,0.00999999999999801,0.17999999999999972
2020-08-01,29.58,57.48,0.0,0.0
2020-08-02,29.58,57.48,0.0,0.0
2020-08-03,29.62,57.24,0.0400000000000027,-0.23999999999999488
2020-08-04,30.01,57.91,0.39000000000000057,0.6699999999999946
2020-08-05,29.85,57.54,-0.16000000000000014,-0.36999999999999744
2020-08-06,29.84,57.83,-0.010000000000001563,0.28999999999999915
2020-08-07,30.02,58.53,0.17999999999999972,0.7000000000000028
2020-08-08,30.02,58.53,0.0,0.0
2020-08-09,30.02,58.53,0.0,0.0
2020-08-10,30.2,58.99,0.17999999999999972,0.46000000000000085
2020-08-11,30.2,58.51,0.0,-0.480000000000004
2020-08-12,30.18,58.6,-0.019999999999999574,0.09000000000000341
2020-08-13,29.91,58.52,-0.2699999999999996,-0.0799999999999983
2020-08-14,30.01,58.79,0.10000000000000142,0.269999999999996
2020-08-15,30.01,58.79,0.0,0.0
2020-08-16,30.01,58.79,0.0,0.0
2020-08-17,29.85,58.78,-0.16000000000000014,-0.00999999999999801
2020-08-18,29.79,59.18,-0.060000000000002274,0.3999999999999986
2020-08-19,29.73,59.05,-0.05999999999999872,-0.13000000000000256
2020-08-20,29.67,58.96,-0.05999999999999872,-0.0899999999999963
2020-08-21,29.69,58.99,0.019999999999999574,0.030000000000001137
2020-08-22,29.69,58.99,0.0,0.0
2020-08-23,29.69,58.99,0.0,0.0
2020-08-24,30.03,59.57,0.33999999999999986,0.5799999999999983
2020-08-25,29.9,59.42,-0.13000000000000256,-0.14999999999999858
2020-08-26,29.99,59.46,0.08999999999999986,0.03999999999999915
2020-08-27,29.9,59.43,-0.08999999999999986,-0.030000000000001137
2020-08-28,30.04,59.26,0.14000000000000057,-0.1700000000000017
2020-08-29,30.04,59.26,0.0,0.0
2020-08-30,30.04,59.26,0.0,0.0
2020-08-31,29.81,59.27,-0.23000000000000043,0.010000000000005116
2020-09-01,29.47,59.16,-0.33999999999999986,-0.11000000000000654
2020-09-02,29.7,60.53,0.23000000000000043,1.3700000000000045
2020-09-03,29.59,60.61,-0.10999999999999943,0.0799999999999983
2020-09-04,29.42,60.48,-0.16999999999999815,-0.13000000000000256
2020-09-05,29.42,60.48,0.0,0.0
2020-09-06,29.42,60.48,0.0,0.0
2020-09-07,29.42,60.48,0.0,0.0
2020-09-08,29.51,59.96,0.08999999999999986,-0.519999999999996
2020-09-09,29.37,60.04,-0.14000000000000057,0.0799999999999983
2020-09-10,28.91,59.53,-0.46000000000000085,-0.509999999999998
2020-09-11,29.0,59.79,0.08999999999999986,0.259999999999998
2020-09-12,29.0,59.79,0.0,0.0
2020-09-13,29.0,59.79,0.0,0.0
2020-09-14,29.14,60.32,0.14000000000000057,0.5300000000000011
2020-09-15,29.12,60.6,-0.019999999999999574,0.28000000000000114
2020-09-16,29.24,60.37,0.11999999999999744,-0.23000000000000398
2020-09-17,29.07,60.59,-0.16999999999999815,0.22000000000000597
2020-09-18,28.93,60.35,-0.14000000000000057,-0.240000000000002
2020-09-19,28.93,60.35,0.0,0.0
2020-09-20,28.93,60.35,0.0,0.0
2020-09-21,28.63,59.61,-0.3000000000000007,-0.740000000000002
2020-09-22,28.51,59.82,-0.11999999999999744,0.21000000000000085
2020-09-23,27.87,58.91,-0.6400000000000006,-0.9100000000000037
2020-09-24,28.04,59.19,0.16999999999999815,0.28000000000000114
2020-09-25,28.04,59.39,0.0,0.20000000000000284
2020-09-26,28.04,59.39,0.0,0.0
2020-09-27,28.04,59.39,0.0,0.0
2020-09-28,28.38,59.36,0.33999999999999986,-0.030000000000001137
2020-09-29,28.3,59.24,-0.0799999999999983,-0.11999999999999744
2020-09-30,28.51,59.49,0.21000000000000085,0.25
2020-10-01,28.49,59.45,-0.020000000000003126,-0.03999999999999915
2020-10-02,28.68,59.24,0.19000000000000128,-0.21000000000000085
2020-10-03,28.68,59.24,0.0,0.0
2020-10-04,28.68,59.24,0.0,0.0
2020-10-05,28.67,59.66,-0.00999999999999801,0.4199999999999946
2020-10-06,28.71,59.46,0.03999999999999915,-0.19999999999999574
2020-10-07,28.8,59.61,0.08999999999999986,0.14999999999999858
2020-10-08,28.61,59.19,-0.19000000000000128,-0.4200000000000017
2020-10-09,28.32,59.33,-0.28999999999999915,0.14000000000000057
2020-10-10,28.32,59.33,0.0,0.0
2020-10-11,28.32,59.33,0.0,0.0
2020-10-12,28.13,59.55,-0.19000000000000128,0.21999999999999886
2020-10-13,27.75,59.36,-0.379999999999999,-0.18999999999999773
2020-10-14,27.49,58.43,-0.26000000000000156,-0.9299999999999997
2020-10-15,27.45,58.16,-0.03999999999999915,-0.2700000000000031
2020-10-16,27.33,58.05,-0.120000000000001,-0.10999999999999943
2020-10-17,27.33,58.05,0.0,0.0
2020-10-18,27.33,58.05,0.0,0.0
2020-10-19,26.88,57.3,-0.4499999999999993,-0.75
2020-10-20,26.76,57.25,-0.11999999999999744,-0.04999999999999716
2020-10-21,26.72,56.75,-0.0400000000000027,-0.5
2020-10-22,28.28,57.33,1.5600000000000023,0.5799999999999983
2020-10-23,27.82,57.96,-0.46000000000000085,0.6300000000000026
2020-10-24,27.82,57.96,0.0,0.0
2020-10-25,27.82,57.96,0.0,0.0
2020-10-26,27.38,57.81,-0.4400000000000013,-0.14999999999999858
2020-10-27,26.92,57.38,-0.4599999999999973,-0.4299999999999997
2020-10-28,26.5,56.31,-0.4200000000000017,-1.0700000000000003
2020-10-29,26.76,56.76,0.26000000000000156,0.44999999999999574
2020-10-30,27.02,56.99,0.259999999999998,0.23000000000000398
2020-10-31,27.02,56.99,0.0,0.0
2020-11-01,27.02,56.99,0.0,0.0
2020-11-02,27.34,57.7,0.3200000000000003,0.7100000000000009
2020-11-03,27.46,57.75,0.120000000000001,0.04999999999999716
2020-11-04,27.04,57.22,-0.4200000000000017,-0.5300000000000011
2020-11-05,27.51,58.15,0.4700000000000024,0.9299999999999997
2020-11-06,27.44,58.53,-0.07000000000000028,0.38000000000000256
2020-11-07,27.44,58.53,0.0,0.0
2020-11-08,27.44,58.53,0.0,0.0
2020-11-09,28.3,59.84,0.8599999999999994,1.3100000000000023
2020-11-10,28.85,61.1,0.5500000000000007,1.259999999999998
2020-11-11,28.73,61.0,-0.120000000000001,-0.10000000000000142
2020-11-12,28.44,60.79,-0.28999999999999915,-0.21000000000000085
2020-11-13,28.91,61.06,0.46999999999999886,0.2700000000000031
2020-11-14,28.91,61.06,0.0,0.0
2020-11-15,28.91,61.06,0.0,0.0
2020-11-16,28.97,60.89,0.05999999999999872,-0.1700000000000017
2020-11-17,29.03,60.75,0.060000000000002274,-0.14000000000000057
2020-11-18,28.62,60.32,-0.41000000000000014,-0.4299999999999997
2020-11-19,28.28,60.21,-0.33999999999999986,-0.10999999999999943
2020-11-20,28.32,60.04,0.03999999999999915,-0.1700000000000017
2020-11-21,28.32,60.04,0.0,0.0
2020-11-22,28.32,60.04,0.0,0.0
2020-11-23,28.62,60.23,0.3000000000000007,0.18999999999999773
2020-11-24,29.23,60.64,0.6099999999999994,0.4100000000000037
2020-11-25,28.99,60.41,-0.240000000000002,-0.23000000000000398
2020-11-26,28.99,60.41,0.0,0.0
2020-11-27,29.03,60.58,0.0400000000000027,0.1700000000000017
2020-11-28,29.03,60.58,0.0,0.0
2020-11-29,29.03,60.58,0.0,0.0
2020-11-30,28.75,60.41,-0.28000000000000114,-0.1700000000000017
2020-12-01,28.87,60.58,0.120000000000001,0.1700000000000017
2020-12-02,29.09,61.36,0.21999999999999886,0.7800000000000011
2020-12-03,29.23,61.74,0.14000000000000057,0.38000000000000256
2020-12-04,29.54,61.55,0.3099999999999987,-0.19000000000000483
2020-12-05,29.54,61.55,0.0,0.0
2020-12-06,29.54,61.55,0.0,0.0
2020-12-07,29.64,61.35,0.10000000000000142,-0.19999999999999574
2020-12-08,30.81,61.45,1.1699999999999982,0.10000000000000142
2020-12-09,31.46,61.46,0.6500000000000021,0.00999999999999801
2020-12-10,30.69,60.51,-0.7699999999999996,-0.9500000000000028
2020-12-11,31.01,60.35,0.3200000000000003,-0.1599999999999966
2020-12-12,31.01,60.35,0.0,0.0
2020-12-13,31.01,60.35,0.0,0.0
2020-12-14,30.55,59.98,-0.46000000000000085,-0.37000000000000455
2020-12-15,30.58,60.55,0.029999999999997584,0.5700000000000003
2020-12-16,30.29,59.91,-0.28999999999999915,-0.6400000000000006
2020-12-17,29.62,60.01,-0.6699999999999982,0.10000000000000142
2020-12-18,29.4,60.46,-0.22000000000000242,0.45000000000000284
2020-12-19,29.4,60.46,0.0,0.0
2020-12-20,29.4,60.46,0.0,0.0
2020-12-21,29.01,59.49,-0.389999999999997,-0.9699999999999989
2020-12-22,28.4,58.99,-0.610000000000003,-0.5
2020-12-23,28.75,58.96,0.3500000000000014,-0.030000000000001137
2020-12-24,28.69,58.84,-0.05999999999999872,-0.11999999999999744
2020-12-25,28.69,58.84,0.0,0.0
2020-12-26,28.69,58.84,0.0,0.0
2020-12-27,28.69,58.84,0.0,0.0
2020-12-28,28.55,58.98,-0.14000000000000057,0.13999999999999346
2020-12-29,28.54,58.81,-0.010000000000001563,-0.1699999999999946
2020-12-30,28.49,58.14,-0.05000000000000071,-0.6700000000000017
2020-12-31,28.76,58.75,0.2700000000000031,0.6099999999999994
2021-01-01,28.76,58.75,0.0,0.0
2021-01-02,28.76,58.75,0.0,0.0
2021-01-03,28.76,58.75,0.0,0.0
2021-01-04,29.44,58.85,0.6799999999999997,0.10000000000000142
2021-01-05,29.26,58.58,-0.17999999999999972,-0.2700000000000031
2021-01-06,29.83,59.29,0.5699999999999967,0.7100000000000009
2021-01-07,29.91,58.53,0.08000000000000185,-0.759999999999998
2021-01-08,29.02,57.8,-0.8900000000000006,-0.730000000000004
2021-01-09,29.02,57.8,0.0,0.0
2021-01-10,29.02,57.8,0.0,0.0
2021-01-11,28.87,57.46,-0.14999999999999858,-0.3399999999999963
2021-01-12,28.75,57.26,-0.120000000000001,-0.20000000000000284
2021-01-13,28.61,57.06,-0.14000000000000057,-0.19999999999999574
2021-01-14,29.29,57.04,0.6799999999999997,-0.020000000000003126
2021-01-15,29.17,57.38,-0.11999999999999744,0.3400000000000034
2021-01-16,29.17,57.38,0.0,0.0
2021-01-17,29.17,57.38,0.0,0.0
2021-01-18,29.17,57.38,0.0,0.0
2021-01-19,28.95,57.05,-0.22000000000000242,-0.3300000000000054
2021-01-20,28.96,57.26,0.010000000000001563,0.21000000000000085
2021-01-21,28.83,57.27,-0.13000000000000256,0.010000000000005116
2021-01-22,28.93,57.47,0.10000000000000142,0.19999999999999574
2021-01-23,28.93,57.47,0.0,0.0
2021-01-24,28.93,57.47,0.0,0.0
2021-01-25,29.11,58.42,0.17999999999999972,0.9500000000000028
2021-01-26,29.75,56.57,0.6400000000000006,-1.8500000000000014
2021-01-27,29.14,55.13,-0.6099999999999994,-1.4399999999999977
2021-01-28,28.8,55.37,-0.33999999999999986,0.23999999999999488
2021-01-29,28.63,54.75,-0.1700000000000017,-0.6199999999999974
2021-01-30,28.63,54.75,0.0,0.0
2021-01-31,28.63,54.75,0.0,0.0
2021-02-01,28.65,54.28,0.019999999999999574,-0.46999999999999886
2021-02-02,28.54,54.5,-0.10999999999999943,0.21999999999999886
2021-02-03,28.51,54.79,-0.029999999999997584,0.28999999999999915
2021-02-04,28.89,55.14,0.379999999999999,0.3500000000000014
2021-02-05,28.93,55.32,0.03999999999999915,0.17999999999999972
2021-02-06,28.93,55.32,0.0,0.0
2021-02-07,28.93,55.32,0.0,0.0
2021-02-08,28.77,55.05,-0.16000000000000014,-0.2700000000000031
2021-02-09,28.62,55.0,-0.14999999999999858,-0.04999999999999716
2021-02-10,28.55,54.96,-0.07000000000000028,-0.03999999999999915
2021-02-11,28.69,54.6,0.14000000000000057,-0.35999999999999943
2021-02-12,28.8,54.2,0.10999999999999943,-0.3999999999999986
2021-02-13,28.8,54.2,0.0,0.0
2021-02-14,28.8,54.2,0.0,0.0
2021-02-15,28.8,54.2,0.0,0.0
2021-02-16,28.97,54.15,0.16999999999999815,-0.05000000000000426
2021-02-17,29.57,56.99,0.6000000000000014,2.8400000000000034
2021-02-18,29.23,56.98,-0.33999999999999986,-0.010000000000005116
2021-02-19,29.0,56.45,-0.23000000000000043,-0.529999999999994
2021-02-20,29.0,56.45,0.0,0.0
2021-02-21,29.0,56.45,0.0,0.0
2021-02-22,29.32,56.45,0.3200000000000003,0.0
2021-02-23,29.18,57.03,-0.14000000000000057,0.5799999999999983
2021-02-24,29.38,57.12,0.1999999999999993,0.0899999999999963
2021-02-25,28.63,56.5,-0.75,-0.6199999999999974
2021-02-26,27.89,55.3,-0.7399999999999984,-1.2000000000000028
2021-02-27,27.89,55.3,0.0,0.0
2021-02-28,27.89,55.3,0.0,0.0
2021-03-01,28.09,55.36,0.1999999999999993,0.060000000000002274
2021-03-02,28.22,54.98,0.129999999999999,-0.38000000000000256
2021-03-03,28.72,55.38,0.5,0.4000000000000057
2021-03-04,28.92,54.8,0.20000000000000284,-0.5800000000000054
2021-03-05,29.62,56.0,0.6999999999999993,1.2000000000000028
2021-03-06,29.62,56.0,0.0,0.0
2021-03-07,29.62,56.0,0.0,0.0
2021-03-08,29.99,56.79,0.36999999999999744,0.7899999999999991
2021-03-09,29.64,56.2,-0.34999999999999787,-0.5899999999999963
2021-03-10,29.99,57.08,0.34999999999999787,0.8799999999999955
2021-03-11,29.54,55.51,-0.4499999999999993,-1.5700000000000003
2021-03-12,29.81,55.63,0.2699999999999996,0.12000000000000455
2021-03-13,29.81,55.63,0.0,0.0
2021-03-14,29.81,55.63,0.0,0.0
2021-03-15,29.93,55.64,0.120000000000001,0.00999999999999801
2021-03-16,29.99,55.64,0.05999999999999872,0.0
2021-03-17,30.15,55.75,0.16000000000000014,0.10999999999999943
2021-03-18,30.01,56.31,-0.13999999999999702,0.5600000000000023
2021-03-19,29.76,56.24,-0.25,-0.07000000000000028
2021-03-20,29.76,56.24,0.0,0.0
2021-03-21,29.76,56.24,0.0,0.0
2021-03-22,29.99,56.59,0.22999999999999687,0.3500000000000014
2021-03-23,30.0,56.91,0.010000000000001563,0.3199999999999932
2021-03-24,29.99,57.01,-0.010000000000001563,0.10000000000000142
2021-03-25,30.08,57.38,0.08999999999999986,0.37000000000000455
2021-03-26,30.31,58.18,0.23000000000000043,0.7999999999999972
2021-03-27,30.31,58.18,0.0,0.0
2021-03-28,30.31,58.18,0.0,0.0
2021-03-29,30.56,58.83,0.25,0.6499999999999986
2021-03-30,30.73,58.59,0.1700000000000017,-0.23999999999999488
2021-03-31,30.27,58.15,-0.46000000000000085,-0.44000000000000483
2021-04-01,30.47,58.3,0.1999999999999993,0.14999999999999858
2021-04-02,30.47,58.3,0.0,0.0
2021-04-03,30.47,58.3,0.0,0.0
2021-04-04,30.47,58.3,0.0,0.0
2021-04-05,30.71,58.87,0.240000000000002,0.5700000000000003
2021-04-06,30.98,59.11,0.2699999999999996,0.240000000000002
2021-04-07,30.93,59.0,-0.05000000000000071,-0.10999999999999943
2021-04-08,30.0,57.6,-0.9299999999999997,-1.3999999999999986
2021-04-09,30.04,57.49,0.03999999999999915,-0.10999999999999943
2021-04-10,30.04,57.49,0.0,0.0
2021-04-11,30.04,57.49,0.0,0.0
2021-04-12,29.96,57.54,-0.0799999999999983,0.04999999999999716
2021-04-13,29.63,57.62,-0.33000000000000185,0.0799999999999983
2021-04-14,29.73,57.7,0.10000000000000142,0.0800000000000054
2021-04-15,29.75,57.7,0.019999999999999574,0.0
2021-04-16,29.95,58.28,0.1999999999999993,0.5799999999999983
2021-04-17,29.95,58.28,0.0,0.0
2021-04-18,29.95,58.28,0.0,0.0
2021-04-19,29.99,58.39,0.03999999999999915,0.10999999999999943
2021-04-20,29.89,58.39,-0.09999999999999787,0.0
2021-04-21,30.11,58.14,0.21999999999999886,-0.25
2021-04-22,31.36,57.28,1.25,-0.8599999999999994
2021-04-23,31.4,57.3,0.03999999999999915,0.01999999999999602
2021-04-24,31.4,57.3,0.0,0.0
2021-04-25,31.4,57.3,0.0,0.0
2021-04-26,30.91,56.94,-0.48999999999999844,-0.35999999999999943
2021-04-27,30.77,56.32,-0.14000000000000057,-0.6199999999999974
2021-04-28,30.96,56.43,0.19000000000000128,0.10999999999999943
2021-04-29,31.34,57.32,0.379999999999999,0.8900000000000006
2021-04-30,31.41,57.79,0.07000000000000028,0.46999999999999886
2021-05-01,31.41,57.79,0.0,0.0
2021-05-02,31.41,57.79,0.0,0.0
2021-05-03,31.5,57.92,0.08999999999999986,0.13000000000000256
2021-05-04,32.02,58.6,0.5200000000000031,0.6799999999999997
2021-05-05,32.03,58.69,0.00999999999999801,0.0899999999999963
2021-05-06,32.41,59.29,0.37999999999999545,0.6000000000000014
2021-05-07,32.16,58.72,-0.25,-0.5700000000000003
2021-05-08,32.16,58.72,0.0,0.0
2021-05-09,32.16,58.72,0.0,0.0
2021-05-10,32.63,59.52,0.47000000000000597,0.8000000000000043
2021-05-11,32.26,58.54,-0.37000000000000455,-0.980000000000004
2021-05-12,31.97,58.41,-0.28999999999999915,-0.13000000000000256
2021-05-13,32.21,58.81,0.240000000000002,0.4000000000000057
2021-05-14,32.24,58.69,0.030000000000001137,-0.12000000000000455
2021-05-15,32.24,58.69,0.0,0.0
2021-05-16,32.24,58.69,0.0,0.0
2021-05-17,31.37,57.94,-0.870000000000001,-0.75
2021-05-18,29.55,57.18,-1.8200000000000003,-0.759999999999998
2021-05-19,28.96,56.92,-0.5899999999999999,-0.259999999999998
2021-05-20,29.64,56.79,0.6799999999999997,-0.13000000000000256
2021-05-21,30.01,56.91,0.370000000000001,0.11999999999999744
2021-05-22,30.01,56.91,0.0,0.0
2021-05-23,30.01,56.91,0.0,0.0
2021-05-24,29.75,56.98,-0.26000000000000156,0.07000000000000028
2021-05-25,29.52,56.48,-0.23000000000000043,-0.5
2021-05-26,29.55,56.36,0.030000000000001137,-0.11999999999999744
2021-05-27,29.71,56.29,0.16000000000000014,-0.07000000000000028
2021-05-28,29.43,56.49,-0.28000000000000114,0.20000000000000284
2021-05-29,29.43,56.49,0.0,0.0
2021-05-30,29.43,56.49,0.0,0.0
2021-05-31,29.43,56.49,0.0,0.0
2021-06-01,29.32,56.38,-0.10999999999999943,-0.10999999999999943
